{
	"object_mass": 0.978,
	"object_lx": 27.25,
	"object_ly": 31,
	"object_lz": 25,
	"fric_coef": 1,
	"finger_contact_position": [
		[13.625],
		[0],
		[25]
	],
	"finger_contact_rotm": [
		[1,0,0],
		[0,-1,0],
		[0,0,-1]
	],
	"gripper_length": 124,
	"env_contact1": [
		[27.25],
		[31],
		[-25]
	],
	"env_contact2": [
		[27.25],
		[-31],
		[-25]
	],
	"origin": [
		[60.37],
		[392.82],
		[262.2]
	],
	"object_trajectory": [
		[0,0,0.4404604679,0.8890873813,1.345744084,1.810291474,2.282588046,2.762489933,3.249850953,3.744522651,4.246354345,4.755193172,5.270884135,5.79327015,6.322192093,6.857488849,7.398997361,7.946552681,8.499988018,9.05913479,9.623822676,10.19387967,10.76913212,11.3494048,11.93452096,12.52430236,13.11856935,13.71714091,14.31983471,14.92646716,15.53685349,16.15080775,16.76814293,17.38867099,18.0122029,18.63854873,19.2675177,19.89891821,20.53255793,21.16824385,21.80578233,22.44497917,23.08563966,23.72756866,24.37057063,25.0144497,25.65900974,26.30405441,26.94938723,27.59481161,28.24013097,28.88514871,29.52966838,30.17349364,30.81642837,31.45827673,32.09884322,32.73793269,33.37535049,34.01090245,34.64439498],
		[0,0,0,0,0,0,0,0,0,0,0,0,0,0,0,0,0,0,0,0,0,0,0,0,0,0,0,0,0,0,0,0,0,0,0,0,0,0,0,0,0,0,0,0,0,0,0,0,0,0,0,0,0,0,0,0,0,0,0,0,0],
		[25,25,25.47177045,25.93578196,26.39189318,26.83996517,27.27986144,27.71144801,28.1345934,28.54916872,28.95504769,29.35210667,29.74022471,30.11928359,30.48916785,30.84976481,31.20096464,31.54266034,31.87474785,32.197126,32.5096966,32.81236443,33.10503729,33.38762603,33.66004459,33.92220996,34.17404231,34.41546491,34.64640422,34.86678991,35.07655483,35.27563509,35.46397006,35.64150235,35.8081779,35.96394593,36.108759,36.24257298,36.36534713,36.47704404,36.57762969,36.66707344,36.74534805,36.81242966,36.86829785,36.9129356,36.94632932,36.96846882,36.97934737,36.97896165,36.96731179,36.94440132,36.91023723,36.86482992,36.80819323,36.7403444,36.66130412,36.57109644,36.46974885,36.35729223,36.23376082],
		[1,1,0.9999619231,0.9998476952,0.999657325,0.999390827,0.9990482216,0.9986295348,0.9981347984,0.9975640503,0.9969173337,0.9961946981,0.9953961984,0.9945218954,0.9935718557,0.9925461516,0.9914448614,0.9902680687,0.9890158634,0.9876883406,0.9862856015,0.984807753,0.9832549076,0.9816271834,0.9799247046,0.9781476007,0.9762960071,0.9743700648,0.9723699204,0.9702957263,0.9681476404,0.9659258263,0.9636304532,0.9612616959,0.9588197349,0.956304756,0.9537169507,0.9510565163,0.9483236552,0.9455185756,0.9426414911,0.9396926208,0.9366721892,0.9335804265,0.930417568,0.9271838546,0.9238795325,0.9205048535,0.9170600744,0.9135454576,0.9099612709,0.906307787,0.9025852843,0.8987940463,0.8949343616,0.8910065242,0.8870108332,0.8829475929,0.8788171127,0.8746197071,0.8703556959],
		[0,0,0,0,0,0,0,0,0,0,0,0,0,0,0,0,0,0,0,0,0,0,0,0,0,0,0,0,0,0,0,0,0,0,0,0,0,0,0,0,0,0,0,0,0,0,0,0,0,0,0,0,0,0,0,0,0,0,0,0,0],
		[0,0,0.008726535498,0.01745240644,0.02617694831,0.0348994967,0.04361938737,0.05233595624,0.06104853953,0.06975647374,0.07845909573,0.08715574275,0.09584575252,0.1045284633,0.1132032138,0.1218693434,0.1305261922,0.139173101,0.1478094111,0.156434465,0.1650476059,0.1736481777,0.1822355255,0.1908089954,0.1993679344,0.2079116908,0.2164396139,0.2249510543,0.2334453639,0.2419218956,0.2503800041,0.2588190451,0.2672383761,0.2756373558,0.2840153447,0.2923717047,0.3007057995,0.3090169944,0.3173046564,0.3255681545,0.3338068592,0.3420201433,0.3502073813,0.3583679495,0.3665012267,0.3746065934,0.3826834324,0.3907311285,0.3987490689,0.4067366431,0.4146932427,0.4226182617,0.4305110968,0.4383711468,0.4461978131,0.4539904997,0.4617486132,0.4694715628,0.4771587603,0.4848096202,0.4924235601],
		[0,0,0,0,0,0,0,0,0,0,0,0,0,0,0,0,0,0,0,0,0,0,0,0,0,0,0,0,0,0,0,0,0,0,0,0,0,0,0,0,0,0,0,0,0,0,0,0,0,0,0,0,0,0,0,0,0,0,0,0,0]
	],
	"object_vel_trajectory": [
		[0.436332313,0.436332313,0.436332313,0.436332313,0.436332313,0.436332313,0.436332313,0.436332313,0.436332313,0.436332313,0.436332313,0.436332313,0.436332313,0.436332313,0.436332313,0.436332313,0.436332313,0.436332313,0.436332313,0.436332313,0.436332313,0.436332313,0.436332313,0.436332313,0.436332313,0.436332313,0.436332313,0.436332313,0.436332313,0.436332313,0.436332313,0.436332313,0.436332313,0.436332313,0.436332313,0.436332313,0.436332313,0.436332313,0.436332313,0.436332313,0.436332313,0.436332313,0.436332313,0.436332313,0.436332313,0.436332313,0.436332313,0.436332313,0.436332313,0.436332313,0.436332313,0.436332313,0.436332313,0.436332313,0.436332313,0.436332313,0.436332313,0.436332313,0.436332313,0.436332313],
		[0,0,0,0,0,0,0,0,0,0,0,0,0,0,0,0,0,0,0,0,0,0,0,0,0,0,0,0,0,0,0,0,0,0,0,0,0,0,0,0,0,0,0,0,0,0,0,0,0,0,0,0,0,0,0,0,0,0,0,0],
		[0.4756022212,0.4756022212,0.4756022212,0.4756022212,0.4756022212,0.4756022212,0.4756022212,0.4756022212,0.4756022212,0.4756022212,0.4756022212,0.4756022212,0.4756022212,0.4756022212,0.4756022212,0.4756022212,0.4756022212,0.4756022212,0.4756022212,0.4756022212,0.4756022212,0.4756022212,0.4756022212,0.4756022212,0.4756022212,0.4756022212,0.4756022212,0.4756022212,0.4756022212,0.4756022212,0.4756022212,0.4756022212,0.4756022212,0.4756022212,0.4756022212,0.4756022212,0.4756022212,0.4756022212,0.4756022212,0.4756022212,0.4756022212,0.4756022212,0.4756022212,0.4756022212,0.4756022212,0.4756022212,0.4756022212,0.4756022212,0.4756022212,0.4756022212,0.4756022212,0.4756022212,0.4756022212,0.4756022212,0.4756022212,0.4756022212,0.4756022212,0.4756022212,0.4756022212,0.4756022212],
		[0,0,0,0,0,0,0,0,0,0,0,0,0,0,0,0,0,0,0,0,0,0,0,0,0,0,0,0,0,0,0,0,0,0,0,0,0,0,0,0,0,0,0,0,0,0,0,0,0,0,0,0,0,0,0,0,0,0,0,0],
		[0.01745329252,0.01745329252,0.01745329252,0.01745329252,0.01745329252,0.01745329252,0.01745329252,0.01745329252,0.01745329252,0.01745329252,0.01745329252,0.01745329252,0.01745329252,0.01745329252,0.01745329252,0.01745329252,0.01745329252,0.01745329252,0.01745329252,0.01745329252,0.01745329252,0.01745329252,0.01745329252,0.01745329252,0.01745329252,0.01745329252,0.01745329252,0.01745329252,0.01745329252,0.01745329252,0.01745329252,0.01745329252,0.01745329252,0.01745329252,0.01745329252,0.01745329252,0.01745329252,0.01745329252,0.01745329252,0.01745329252,0.01745329252,0.01745329252,0.01745329252,0.01745329252,0.01745329252,0.01745329252,0.01745329252,0.01745329252,0.01745329252,0.01745329252,0.01745329252,0.01745329252,0.01745329252,0.01745329252,0.01745329252,0.01745329252,0.01745329252,0.01745329252,0.01745329252,0.01745329252],
		[0,0,0,0,0,0,0,0,0,0,0,0,0,0,0,0,0,0,0,0,0,0,0,0,0,0,0,0,0,0,0,0,0,0,0,0,0,0,0,0,0,0,0,0,0,0,0,0,0,0,0,0,0,0,0,0,0,0,0,0]
	],
	"actual_start": [
		[73.995],
		[392.82],
		[445.2],
		[0],
		[1],
		[0],
		[0]
	]
}
