{
	"object_mass": 0.108,
	"object_lx": 38.4,
	"object_ly": 38.4,
	"object_lz": 38.4,
	"fric_coef": 1,
	"finger_contact_position": [
		[15.36],
		[0],
		[38.4]
	],
	"finger_contact_rotm": [
		[1,0,0],
		[0,-1,0],
		[0,0,-1]
	],
	"gripper_length": 124,
	"env_contact1": [
		[38.4],
		[38.4],
		[-38.4]
	],
	"env_contact2": [
		[38.4],
		[-38.4],
		[-38.4]
	],
	"origin": [
		[49.22],
		[400.22],
		[262.2]
	],
	"object_trajectory": [
		[0,0,0.6760209132,1.363532916,2.062326585,2.772189062,3.492904115,4.224252207,4.966010564,5.717953237,6.479851179,7.251472307,8.032581578,8.822941059,9.622309999,10.4304449,11.2470996,12.07202534,12.90497083,13.74568236,14.59390383,15.44937687,16.31184089,17.18103317,18.05668896,18.93854152,19.82632223,20.71976066,21.61858466,22.52252045,23.43129266,24.34462449,25.26223773,26.18385285,27.10918914,28.03796471,28.96989666,29.9047011,30.8420933,31.78178771,32.7234981,33.6669376,34.61181883,35.55785399,36.50475488,37.45223309,38.4,39.34776691,40.29524512,41.24214601,42.18818117,43.1330624,44.0765019,45.01821229,45.9579067,46.8952989,47.83010334,48.76203529,49.69081086,50.61614715,51.53776227],
		[0,0,0,0,0,0,0,0,0,0,0,0,0,0,0,0,0,0,0,0,0,0,0,0,0,0,0,0,0,0,0,0,0,0,0,0,0,0,0,0,0,0,0,0,0,0,0,0,0,0,0,0,0,0,0,0,0,0,0,0,0],
		[38.4,38.4,39.0643239,39.71674843,40.35707485,40.98510812,41.60065693,42.20353377,42.79355501,43.37054092,43.93431574,44.48470774,45.02154927,45.5446768,46.05393097,46.54915668,47.03020306,47.49692359,47.94917609,48.38682281,48.80973043,49.21777014,49.61081764,49.9887532,50.35146171,50.69883267,51.03076027,51.34714341,51.64788572,51.93289558,52.20208617,52.45537551,52.69268642,52.91394664,53.11908875,53.30805028,53.48077366,53.63720627,53.77730047,53.90101359,54.00830794,54.09915083,54.17351459,54.23137658,54.27271917,54.29752976,54.3058008,54.29752976,54.27271917,54.23137658,54.17351459,54.09915083,54.00830794,53.90101359,53.77730047,53.63720627,53.48077366,53.30805028,53.11908875,52.91394664,52.69268642],
		[1,1,0.9999619231,0.9998476952,0.999657325,0.999390827,0.9990482216,0.9986295348,0.9981347984,0.9975640503,0.9969173337,0.9961946981,0.9953961984,0.9945218954,0.9935718557,0.9925461516,0.9914448614,0.9902680687,0.9890158634,0.9876883406,0.9862856015,0.984807753,0.9832549076,0.9816271834,0.9799247046,0.9781476007,0.9762960071,0.9743700648,0.9723699204,0.9702957263,0.9681476404,0.9659258263,0.9636304532,0.9612616959,0.9588197349,0.956304756,0.9537169507,0.9510565163,0.9483236552,0.9455185756,0.9426414911,0.9396926208,0.9366721892,0.9335804265,0.930417568,0.9271838546,0.9238795325,0.9205048535,0.9170600744,0.9135454576,0.9099612709,0.906307787,0.9025852843,0.8987940463,0.8949343616,0.8910065242,0.8870108332,0.8829475929,0.8788171127,0.8746197071,0.8703556959],
		[0,0,0,0,0,0,0,0,0,0,0,0,0,0,0,0,0,0,0,0,0,0,0,0,0,0,0,0,0,0,0,0,0,0,0,0,0,0,0,0,0,0,0,0,0,0,0,0,0,0,0,0,0,0,0,0,0,0,0,0,0],
		[0,0,0.008726535498,0.01745240644,0.02617694831,0.0348994967,0.04361938737,0.05233595624,0.06104853953,0.06975647374,0.07845909573,0.08715574275,0.09584575252,0.1045284633,0.1132032138,0.1218693434,0.1305261922,0.139173101,0.1478094111,0.156434465,0.1650476059,0.1736481777,0.1822355255,0.1908089954,0.1993679344,0.2079116908,0.2164396139,0.2249510543,0.2334453639,0.2419218956,0.2503800041,0.2588190451,0.2672383761,0.2756373558,0.2840153447,0.2923717047,0.3007057995,0.3090169944,0.3173046564,0.3255681545,0.3338068592,0.3420201433,0.3502073813,0.3583679495,0.3665012267,0.3746065934,0.3826834324,0.3907311285,0.3987490689,0.4067366431,0.4146932427,0.4226182617,0.4305110968,0.4383711468,0.4461978131,0.4539904997,0.4617486132,0.4694715628,0.4771587603,0.4848096202,0.4924235601],
		[0,0,0,0,0,0,0,0,0,0,0,0,0,0,0,0,0,0,0,0,0,0,0,0,0,0,0,0,0,0,0,0,0,0,0,0,0,0,0,0,0,0,0,0,0,0,0,0,0,0,0,0,0,0,0,0,0,0,0,0,0]
	],
	"object_vel_trajectory": [
		[0.6702064328,0.6702064328,0.6702064328,0.6702064328,0.6702064328,0.6702064328,0.6702064328,0.6702064328,0.6702064328,0.6702064328,0.6702064328,0.6702064328,0.6702064328,0.6702064328,0.6702064328,0.6702064328,0.6702064328,0.6702064328,0.6702064328,0.6702064328,0.6702064328,0.6702064328,0.6702064328,0.6702064328,0.6702064328,0.6702064328,0.6702064328,0.6702064328,0.6702064328,0.6702064328,0.6702064328,0.6702064328,0.6702064328,0.6702064328,0.6702064328,0.6702064328,0.6702064328,0.6702064328,0.6702064328,0.6702064328,0.6702064328,0.6702064328,0.6702064328,0.6702064328,0.6702064328,0.6702064328,0.6702064328,0.6702064328,0.6702064328,0.6702064328,0.6702064328,0.6702064328,0.6702064328,0.6702064328,0.6702064328,0.6702064328,0.6702064328,0.6702064328,0.6702064328,0.6702064328],
		[0,0,0,0,0,0,0,0,0,0,0,0,0,0,0,0,0,0,0,0,0,0,0,0,0,0,0,0,0,0,0,0,0,0,0,0,0,0,0,0,0,0,0,0,0,0,0,0,0,0,0,0,0,0,0,0,0,0,0,0],
		[0.6702064328,0.6702064328,0.6702064328,0.6702064328,0.6702064328,0.6702064328,0.6702064328,0.6702064328,0.6702064328,0.6702064328,0.6702064328,0.6702064328,0.6702064328,0.6702064328,0.6702064328,0.6702064328,0.6702064328,0.6702064328,0.6702064328,0.6702064328,0.6702064328,0.6702064328,0.6702064328,0.6702064328,0.6702064328,0.6702064328,0.6702064328,0.6702064328,0.6702064328,0.6702064328,0.6702064328,0.6702064328,0.6702064328,0.6702064328,0.6702064328,0.6702064328,0.6702064328,0.6702064328,0.6702064328,0.6702064328,0.6702064328,0.6702064328,0.6702064328,0.6702064328,0.6702064328,0.6702064328,0.6702064328,0.6702064328,0.6702064328,0.6702064328,0.6702064328,0.6702064328,0.6702064328,0.6702064328,0.6702064328,0.6702064328,0.6702064328,0.6702064328,0.6702064328,0.6702064328],
		[0,0,0,0,0,0,0,0,0,0,0,0,0,0,0,0,0,0,0,0,0,0,0,0,0,0,0,0,0,0,0,0,0,0,0,0,0,0,0,0,0,0,0,0,0,0,0,0,0,0,0,0,0,0,0,0,0,0,0,0],
		[0.01745329252,0.01745329252,0.01745329252,0.01745329252,0.01745329252,0.01745329252,0.01745329252,0.01745329252,0.01745329252,0.01745329252,0.01745329252,0.01745329252,0.01745329252,0.01745329252,0.01745329252,0.01745329252,0.01745329252,0.01745329252,0.01745329252,0.01745329252,0.01745329252,0.01745329252,0.01745329252,0.01745329252,0.01745329252,0.01745329252,0.01745329252,0.01745329252,0.01745329252,0.01745329252,0.01745329252,0.01745329252,0.01745329252,0.01745329252,0.01745329252,0.01745329252,0.01745329252,0.01745329252,0.01745329252,0.01745329252,0.01745329252,0.01745329252,0.01745329252,0.01745329252,0.01745329252,0.01745329252,0.01745329252,0.01745329252,0.01745329252,0.01745329252,0.01745329252,0.01745329252,0.01745329252,0.01745329252,0.01745329252,0.01745329252,0.01745329252,0.01745329252,0.01745329252,0.01745329252],
		[0,0,0,0,0,0,0,0,0,0,0,0,0,0,0,0,0,0,0,0,0,0,0,0,0,0,0,0,0,0,0,0,0,0,0,0,0,0,0,0,0,0,0,0,0,0,0,0,0,0,0,0,0,0,0,0,0,0,0,0]
	],
	"actual_start": [
		[64.58],
		[400.22],
		[472],
		[0],
		[1],
		[0],
		[0]
	]
}
