{
	"object_mass": 0.108,
	"object_lx": 38.4,
	"object_ly": 38.4,
	"object_lz": 38.4,
	"fric_coef": 1,
	"finger_contact_position": [
		[23.04],
		[0],
		[38.4]
	],
	"finger_contact_rotm": [
		[1,0,0],
		[0,-1,0],
		[0,0,-1]
	],
	"gripper_length": 124,
	"env_contact1": [
		[38.4],
		[38.4],
		[-38.4]
	],
	"env_contact2": [
		[38.4],
		[-38.4],
		[-38.4]
	],
	"origin": [
		[49.22],
		[400.22],
		[262.2]
	],
	"object_trajectory": [
		[0,0.8126106781,1.641708427,2.486929578,3.347903389,4.224252207,5.115591638,6.021530711,6.94167205,7.875612052,8.822941059,9.783243542,10.75609828,11.74107855,12.7377523,13.74568236,14.76442662,15.79353822,16.83256576,17.8810535,18.93854152,20.00456598,21.07865929,22.16035031,23.24916457,24.34462449,25.44624957,26.55355659,27.66605985,28.78327137,29.9047011,31.02985716,32.158246,33.28937268,34.42274106,35.55785399,36.69421357,37.83132138,38.96867862,40.10578643,41.24214601,42.37725894,43.51062732,44.641754,45.77014284,46.8952989,48.01672863,49.13394015,50.24644341,51.35375043,52.45537551],
		[0,0,0,0,0,0,0,0,0,0,0,0,0,0,0,0,0,0,0,0,0,0,0,0,0,0,0,0,0,0,0,0,0,0,0,0,0,0,0,0,0,0,0,0,0,0,0,0,0,0,0],
		[38.4,39.19576717,39.97434178,40.73538232,41.47855498,42.20353377,42.9100007,43.59764588,44.2661677,44.91527291,45.5446768,46.15410328,46.74328505,47.31196368,47.85988971,48.38682281,48.89253185,49.37679501,49.83939988,50.28014354,50.69883267,51.09528361,51.46932247,51.82078519,52.1495176,52.45537551,52.73822475,52.99794127,53.23441113,53.44753063,53.63720627,53.80335486,53.94590352,54.06478973,54.15996133,54.23137658,54.27900416,54.30282317,54.30282317,54.27900416,54.23137658,54.15996133,54.06478973,53.94590352,53.80335486,53.63720627,53.44753063,53.23441113,52.99794127,52.73822475,52.45537551],
		[1,0.9999451694,0.9997806835,0.9995065604,0.9991228301,0.9986295348,0.9980267284,0.9973144772,0.9964928592,0.9955619646,0.9945218954,0.9933727656,0.9921147013,0.9907478405,0.989272333,0.9876883406,0.9859960371,0.984195608,0.9822872507,0.9802711746,0.9781476007,0.9759167619,0.9735789029,0.9711342799,0.9685831611,0.9659258263,0.9631625668,0.9602936857,0.9573194975,0.9542403285,0.9510565163,0.94776841,0.9443763702,0.940880769,0.9372819895,0.9335804265,0.9297764859,0.9258705848,0.9218631516,0.9177546257,0.9135454576,0.909236109,0.9048270525,0.9003187714,0.8957117602,0.8910065242,0.8862035792,0.8813034521,0.87630668,0.8712138111,0.8660254038],
		[0,0,0,0,0,0,0,0,0,0,0,0,0,0,0,0,0,0,0,0,0,0,0,0,0,0,0,0,0,0,0,0,0,0,0,0,0,0,0,0,0,0,0,0,0,0,0,0,0,0,0],
		[0,0.01047178412,0.02094241988,0.03141075908,0.04187565373,0.05233595624,0.06279051953,0.07323819713,0.08367784333,0.09410831332,0.1045284633,0.1149371505,0.1253332336,0.1357155724,0.1460830286,0.156434465,0.1667687467,0.1770847403,0.1873813146,0.1976573404,0.2079116908,0.2181432414,0.2283508701,0.2385334576,0.2486898872,0.2588190451,0.2689198206,0.278991106,0.2890317969,0.2990407923,0.3090169944,0.3189593093,0.3288666467,0.3387379202,0.3485720473,0.3583679495,0.3681245527,0.3778407868,0.3875155865,0.3971478906,0.4067366431,0.4162807923,0.4257792916,0.4352310994,0.4446351792,0.4539904997,0.4632960351,0.4725507649,0.4817536741,0.4909037536,0.5],
		[0,0,0,0,0,0,0,0,0,0,0,0,0,0,0,0,0,0,0,0,0,0,0,0,0,0,0,0,0,0,0,0,0,0,0,0,0,0,0,0,0,0,0,0,0,0,0,0,0,0,0]
	],
	"object_vel_trajectory": null,
	"actual_start": [
		[72.26],
		[400.22],
		[472],
		[0],
		[1],
		[0],
		[0]
	],
	"openloop_robot_end_trajectory": [
		[22.98242099,25.11922011,26.90426561,28.69435353,30.48869865,32.28651394,34.0870108,35.88939949,37.6928894,39.49668948,41.30000851,43.10205551,44.90204002,46.69917253,48.49266475,50.28172999,52.06558351,53.84344285,55.61452819,57.37806267,59.13327274,60.87938851,62.61564409,64.34127787,66.05553296,67.75765742,69.44690464,71.12253366,72.78380949,74.43000345,76.06039346,77.67426437,79.2709083,80.84962489,82.40972168,83.95051435,85.47132705,86.97149272,88.45035332,89.90726019,91.34157427,92.75266642,94.1399177,95.50271961,96.84047438,98.15259522,99.43850661,100.6976445,101.9294566,103.1334025,104.3089542],
		[-0.212815293,-0.1038997054,-0.1040221486,-0.1037997416,-0.1039605583,-0.1040662494,-0.1037469252,-0.1037376123,-0.1039652703,-0.1039497986,-0.1038709159,-0.1038172831,-0.1040767551,-0.1039307233,-0.1038429525,-0.1038355224,-0.1038674384,-0.1038457252,-0.1039087978,-0.103878342,-0.103896597,-0.1038871421,-0.1039029349,-0.1038617354,-0.1039587735,-0.1039018536,-0.103871427,-0.1038875524,-0.1038801986,-0.1039109404,-0.1038899567,-0.1039131496,-0.1039063852,-0.1039062043,-0.1038385338,-0.10439845,-0.1038796192,-0.105057428,-0.1038291172,-0.1041596835,-0.1041207065,-0.1038166233,-0.103820766,-0.1038612732,-0.1038922444,-0.1039313501,-0.1038941498,-0.1038666793,-0.1038659906,-0.103844476,-0.1039160518],
		[85.0149208,85.0967948,85.35626334,85.57829179,85.76278278,85.90965538,86.01884517,86.09030425,86.12400127,86.11992146,86.07806661,85.99845507,85.88112176,85.72611816,85.53351225,85.30338852,85.0358479,84.73100774,84.38900177,84.00997999,83.59410865,83.14157018,82.65256307,82.12730181,81.5660168,80.96895424,80.33637602,79.66855961,78.96579794,78.22839926,77.45668702,76.65099972,75.81169075,74.93912827,74.03369502,73.09578813,72.12581902,71.12421314,70.09140983,69.02786211,67.93403649,66.81041276,65.65748377,64.47575523,63.26574551,62.02798533,60.76301763,59.47139726,58.15369077,56.81047615,55.44234258],
		[0,0,0,-0,0,0,0,0,0,0,0,0,0,0,0,-0,0,0,0,0,0,-0,0,0,0,0,0,0,0,0,0,0,0,-0,0,0,0,-0,0,0,0,0,0,0,0,0,0,0,0,0,0],
		[0.9999994787,-0.9999451694,-0.9997806835,-0.9995065604,-0.9991228301,-0.9986295348,0.9980267284,0.9973144772,0.9964928592,-0.9955619646,-0.9945218954,-0.9933727656,0.9921147013,-0.9907478405,-0.989272333,-0.9876883406,-0.9859960371,-0.984195608,0.9822872507,0.9802711746,0.9781476007,-0.9759167619,0.9735789029,-0.9711342799,-0.9685831611,0.9659258263,0.9631625668,0.9602936857,0.9573194975,0.9542403285,0.9510565163,0.94776841,0.9443763702,0.940880769,-0.9372819895,-0.9335804265,-0.9297764859,-0.9258705848,-0.9218631516,-0.9177546257,-0.9135454576,-0.909236109,-0.9048270525,-0.9003187714,-0.8957117602,-0.8910065242,-0.8862035792,-0.8813034521,-0.87630668,-0.8712138111,-0.8660254038],
		[-0.0005746054389,0,0,-2.220446049e-16,0,0,-1.110223025e-16,-1.110223025e-16,0,0,2.220446049e-16,0,3.330669074e-16,1.110223025e-16,0,-1.110223025e-16,-1.110223025e-16,0,-2.220446049e-16,0,0,0,2.220446049e-16,2.220446049e-16,-2.220446049e-16,-1.110223025e-16,0,-1.110223025e-16,1.110223025e-16,1.110223025e-16,2.220446049e-16,1.110223025e-16,1.110223025e-16,0,0,0,0,-1.110223025e-16,0,0,0,0,0,0,0,0,0,0,0,0,0],
		[0.0008440172594,0.01047178412,0.02094241988,0.03141075908,0.04187565373,0.05233595624,-0.06279051953,-0.07323819713,-0.08367784333,0.09410831332,0.1045284633,0.1149371505,-0.1253332336,0.1357155724,0.1460830286,0.156434465,0.1667687467,0.1770847403,-0.1873813146,-0.1976573404,-0.2079116908,0.2181432414,-0.2283508701,0.2385334576,0.2486898872,-0.2588190451,-0.2689198206,-0.278991106,-0.2890317969,-0.2990407923,-0.3090169944,-0.3189593093,-0.3288666467,-0.3387379202,0.3485720473,0.3583679495,0.3681245527,0.3778407868,0.3875155865,0.3971478906,0.4067366431,0.4162807923,0.4257792916,0.4352310994,0.4446351792,0.4539904997,0.4632960351,0.4725507649,0.4817536741,0.4909037536,0.5]
	],