{
	"object_mass": 0.104,
	"object_lx": 38.5,
	"object_ly": 38.5,
	"object_lz": 38.5,
	"fric_coef": 1,
	"finger_contact_position": [
		[23.1],
		[0],
		[38.5]
	],
	"finger_contact_rotm": [
		[1,0,0],
		[0,-1,0],
		[0,0,-1]
	],
	"gripper_length": 165,
	"env_contact1": [
		[38.5],
		[38.5],
		[-38.5]
	],
	"env_contact2": [
		[38.5],
		[-38.5],
		[-38.5]
	],
	"origin": [
		[49.22],
		[400.22],
		[253.8]
	],
	"object_trajectory": [
		[0,2.067697227,4.235252864,6.496725791,8.845917468,11.27638892,13.78147841,16.35431964,18.98786064,21.67488306,24.40802195,27.17978598,29.98257793,32.80871554,35.65045256,38.5,41.34954744,44.19128446,47.01742207,49.82021402,52.59197805],
		[0,0,0,0,0,0,0,0,0,0,0,0,0,0,0,0,0,0,0,0,0],
		[38.5,40.4621714,42.31343881,44.04872802,45.66328272,47.15267755,48.51283016,49.74001248,50.83086088,51.78238542,52.59197805,53.25741971,53.7768865,54.14895457,54.37260413,54.44722215,54.37260413,54.14895457,53.7768865,53.25741971,52.59197805],
		[1,0.999657325,0.9986295348,0.9969173337,0.9945218954,0.9914448614,0.9876883406,0.9832549076,0.9781476007,0.9723699204,0.9659258263,0.9588197349,0.9510565163,0.9426414911,0.9335804265,0.9238795325,0.9135454576,0.9025852843,0.8910065242,0.8788171127,0.8660254038],
		[0,0,0,0,0,0,0,0,0,0,0,0,0,0,0,0,0,0,0,0,0],
		[0,0.02617694831,0.05233595624,0.07845909573,0.1045284633,0.1305261922,0.156434465,0.1822355255,0.2079116908,0.2334453639,0.2588190451,0.2840153447,0.3090169944,0.3338068592,0.3583679495,0.3826834324,0.4067366431,0.4305110968,0.4539904997,0.4771587603,0.5],
		[0,0,0,0,0,0,0,0,0,0,0,0,0,0,0,0,0,0,0,0,0]
	],
	"contact_trajectory": [
		[23.1,27.1509738,31.23305448,35.33505336,39.44572714,43.55380875,47.64803822,51.71719355,55.75012147,59.73576801,63.66320878,67.52167895,71.30060271,74.9896223,78.57862638,82.05777772,85.41754022,88.64870501,91.74241568,94.69019259,97.48395609],
		[0,0,0,0,0,0,0,0,0,0,0,0,0,0,0,0,0,0,0,0,0],
		[77,77.7004479,78.18792428,78.46109299,78.5192053,78.36210192,77.99021347,77.40455926,76.60674454,75.59895606,74.38395609,72.96507487,71.34620145,69.53177305,67.5267629,65.33666658,62.967487,60.42571792,57.71832614,54.85273244,51.83679122],
		[0,0,0,0,0,0,0,0,0,0,0,0,0,-0,0,0,0,0,0,0,0],
		[1,-0.999657325,-0.9986295348,0.9969173337,0.9945218954,0.9914448614,0.9876883406,-0.9832549076,0.9781476007,-0.9723699204,0.9659258263,0.9588197349,0.9510565163,-0.9426414911,-0.9335804265,-0.9238795325,-0.9135454576,-0.9025852843,-0.8910065242,-0.8788171127,-0.8660254038],
		[0,0,0,-1.110223025e-16,-1.110223025e-16,1.110223025e-16,2.220446049e-16,0,1.110223025e-16,0,-1.110223025e-16,0,1.110223025e-16,-1.110223025e-16,0,0,0,0,0,0,0],
		[0,0.02617694831,0.05233595624,-0.07845909573,-0.1045284633,-0.1305261922,-0.156434465,0.1822355255,-0.2079116908,0.2334453639,-0.2588190451,-0.2840153447,-0.3090169944,0.3338068592,0.3583679495,0.3826834324,0.4067366431,0.4305110968,0.4539904997,0.4771587603,0.5]
	],
	"rigidend_trajectory": [
		[22.83090648,27.74265125,31.01745616,37.28989173,39.87397815,43.87857319,48.73994477,52.03092697,56.74206653,63.25397,66.20963456,69.97150854,74.90718164,80.27583956,81.32457645,85.26744038,88.9715595,96.61564825,98.90478714,99.91908548,102.0781689],
		[0.7494818333,0.152559074,-0.4555298719,0.6900447161,0.7932752396,0.2057859198,0.1506310991,0.7453751099,1.006183544,-0.1006332063,1.003780969,0.5720185413,-0.8087590669,0.1443426101,0.6504844593,1.002634108,0.3561853283,-0.6804589349,0.4385879743,-0.886017811,0.942969419],
		[85.90034017,86.69664232,89.52785747,88.03898591,85.96075587,86.77623653,85.8821026,84.59409769,84.51783175,85.53352619,82.05878898,80.98755204,80.15791691,76.34904783,74.61866939,72.05473134,69.8894704,64.58061884,65.22867784,61.80556989,56.51929253],
		[0.02693946458,0.01229456767,0.004085490091,0.04447895602,0.07732652354,0.01113259476,0.004271667438,0.07178370471,0.05132056735,0.006066449345,0.05732435211,0.01436015461,0.03744486252,0.001951445033,0.08914584731,0.0959133635,0.07595385362,0.02659173159,0.03367531401,0.01842505076,0.112457859],
		[0.9986905453,0.9997769222,0.9994558173,0.9964649602,0.9950298857,-0.9967083815,-0.9997676392,0.9943299938,0.9984748115,-0.9924019136,0.9966158732,0.9985241066,-0.9942595742,0.9462474407,0.9942570269,0.9920704634,0.9893839804,-0.8513306519,0.9441536465,-0.9969538699,0.9711534968],
		[-0.0003973912652,0.0003219445848,-0.002124255007,0.003500569757,0.006853936479,0.003612794752,0.002917167723,0.009794364337,0.008790154001,0.002370038254,0.01268913487,-0.0002145833196,0.01466076284,0.0006910429293,0.02852688177,0.03479297555,0.02810936387,0.01268360534,0.01565791351,0.01947446985,0.05937671874],
		[0.04348910232,-0.01717107388,0.03266290955,-0.07118252289,0.06236312089,-0.08022104042,-0.02092631281,0.07783979491,0.0183571078,0.1228658736,-0.0575300422,-0.05237698387,0.09915060995,-0.3234370037,-0.05188640911,-0.07339121963,-0.1206657167,0.5238016105,-0.3274060092,0.07324099804,-0.2017139583]
	],
	"robot_trajectory": [
		[8.501828041,33.40653538,20.24742557,60.64570382,19.22153531,17.47949615,41.83175396,26.25742585,50.54459214,103.4868936,84.89026031,87.23142016,107.2578977,181.2723687,97.50954981,108.1932499,127.6639646,243.6607071,200.7409036,123.8965813,164.5200552],
		[9.633567184,4.210685617,0.9148450198,15.39844189,26.04314901,-3.360236437,-1.238546572,24.04809389,17.86289111,-2.183445617,20.09770165,5.30016658,-13.57432616,0.8274619884,30.3881185,33.24571769,26.27417497,-10.34353514,12.62257259,-7.418452048,40.9359849],
		[250.036718,251.5494616,254.1702837,250.7140273,247.7041343,249.611651,250.7315706,245.8941595,248.537473,245.539694,244.8821792,245.0141964,241.4510397,206.8259977,236.1077395,232.2414687,228.1808334,138.8057872,194.4801997,224.9233402,203.9186465],
		[0.02693946458,0.01229456767,0.004085490091,0.04447895602,0.07732652354,0.01113259476,0.004271667438,0.07178370471,0.05132056735,0.006066449345,0.05732435211,0.01436015461,0.03744486252,0.001951445033,0.08914584731,0.0959133635,0.07595385362,0.02659173159,0.03367531401,0.01842505076,0.112457859],
		[0.9986905453,0.9997769222,0.9994558173,0.9964649602,0.9950298857,-0.9967083815,-0.9997676392,0.9943299938,0.9984748115,-0.9924019136,0.9966158732,0.9985241066,-0.9942595742,0.9462474407,0.9942570269,0.9920704634,0.9893839804,-0.8513306519,0.9441536465,-0.9969538699,0.9711534968],
		[-0.0003973912652,0.0003219445848,-0.002124255007,0.003500569757,0.006853936479,0.003612794752,0.002917167723,0.009794364337,0.008790154001,0.002370038254,0.01268913487,-0.0002145833196,0.01466076284,0.0006910429293,0.02852688177,0.03479297555,0.02810936387,0.01268360534,0.01565791351,0.01947446985,0.05937671874],
		[0.04348910232,-0.01717107388,0.03266290955,-0.07118252289,0.06236312089,-0.08022104042,-0.02092631281,0.07783979491,0.0183571078,0.1228658736,-0.0575300422,-0.05237698387,0.09915060995,-0.3234370037,-0.05188640911,-0.07339121963,-0.1206657167,0.5238016105,-0.3274060092,0.07324099804,-0.2017139583]
	],