{
	"object_mass": 0.104,
	"object_lx": 38.5,
	"object_ly": 38.5,
	"object_lz": 38.5,
	"fric_coef": 1,
	"finger_contact_position": [
		[30.8],
		[0],
		[38.5]
	],
	"finger_contact_rotm": [
		[1,0,0],
		[0,-1,0],
		[0,0,-1]
	],
	"gripper_length": 165,
	"env_contact1": [
		[38.5],
		[38.5],
		[-38.5]
	],
	"env_contact2": [
		[38.5],
		[-38.5],
		[-38.5]
	],
	"origin": [
		[49.22],
		[400.22],
		[253.8]
	],
	"object_trajectory": [
		[0,1.541185011,3.139357837,4.792054209,6.496725791,8.250744102,10.05140457,11.89593072,13.78147841,15.70514026,17.66395014,19.6548877,21.67488306,23.72082153,25.78954841,27.8778739,29.98257793,32.10041521,34.22812019,36.36241209,38.5],
		[0,0,0,0,0,0,0,0,0,0,0,0,0,0,0,0,0,0,0,0,0],
		[38.5,39.9818208,41.40199253,42.75832539,44.04872802,45.27121069,46.42388844,47.50498392,48.51283016,49.44587313,50.30267415,51.08191209,51.78238542,52.40301407,52.94284107,53.40103404,53.7768865,54.06981889,54.27937954,54.40524532,54.44722215],
		[1,0.9998072405,0.9992290362,0.9982656102,0.9969173337,0.9951847267,0.993068457,0.9905693404,0.9876883406,0.9844265681,0.9807852804,0.9767658813,0.9723699204,0.9675990924,0.9624552365,0.9569403357,0.9510565163,0.9448060465,0.9381913359,0.9312149348,0.9238795325],
		[0,0,0,0,0,0,0,0,0,0,0,0,0,0,0,0,0,0,0,0,0],
		[0,0.01963369246,0.03925981576,0.05887080365,0.07845909573,0.09801714033,0.1175373975,0.1370123417,0.156434465,0.1757962799,0.195090322,0.2143091531,0.2334453639,0.252491577,0.2714404499,0.2902846773,0.3090169944,0.3276301796,0.3461170571,0.3644704999,0.3826834324],
		[0,0,0,0,0,0,0,0,0,0,0,0,0,0,0,0,0,0,0,0,0]
	],
	"contact_trajectory": [
		[30.8,33.82894223,36.8650869,39.90375249,42.94025359,45.96990814,48.98804463,51.99000932,54.97117339,57.92694011,60.85275189,63.74409735,66.59651824,69.40561634,72.16706022,74.87659193,77.53003357,80.12329373,82.65237379,85.11337408,87.50249994],
		[0,0,0,0,0,0,0,0,0,0,0,0,0,0,0,0,0,0,0,0,0],
		[77,77.24293637,77.36676973,77.37130915,77.25654761,77.02266207,76.67001317,76.19914467,75.61078261,74.90583421,74.08538643,73.15070436,72.10322921,70.9445761,69.6765316,68.30105094,66.82025501,65.23642709,63.55200932,61.76959897,59.89194437],
		[0,0,0,0,0,0,0,0,0,0,0,0,0,0,0,-0,0,0,-0,-0,0],
		[1,-0.9998072405,-0.9992290362,-0.9982656102,0.9969173337,0.9951847267,0.993068457,0.9905693404,0.9876883406,-0.9844265681,-0.9807852804,-0.9767658813,-0.9723699204,0.9675990924,0.9624552365,-0.9569403357,0.9510565163,0.9448060465,0.9381913359,-0.9312149348,-0.9238795325],
		[0,0,0,0,-1.110223025e-16,1.110223025e-16,1.110223025e-16,-1.110223025e-16,2.220446049e-16,0,0,0,0,1.110223025e-16,0,0,1.110223025e-16,2.220446049e-16,-1.110223025e-16,-1.110223025e-16,0],
		[0,0.01963369246,0.03925981576,0.05887080365,-0.07845909573,-0.09801714033,-0.1175373975,-0.1370123417,-0.156434465,0.1757962799,0.195090322,0.2143091531,0.2334453639,-0.252491577,-0.2714404499,0.2902846773,-0.3090169944,-0.3276301796,-0.3461170571,0.3644704999,0.3826834324]
	],
	"rigidend_trajectory": [
		[30.76634285,34.0970719,37.48742177,40.87942164,44.26773622,47.64703205,51.01237759,54.35812224,57.72431402,61.01493258,64.22930559,67.44715698,70.62037122,73.77996042,76.89694983,79.97575279,82.91696365,85.78975952,88.58966729,91.31238284,93.92266913],
		[-0.1335627291,-0.09131703188,-0.09147452388,-0.09177781151,-0.09205453759,-0.0922279265,-0.09252369566,-0.09302591753,0.0324982691,0.03252845742,-0.09367799301,-0.09405772876,-0.09441793836,0.03217480347,-0.03444464452,-0.03816571435,-0.03716617337,-0.03578712744,-0.03552796272,-0.03429907035,0.1001648343],
		[86.00038841,86.26936263,86.37571342,86.34887186,86.18887825,85.89599916,85.47064504,84.91358228,84.18360663,83.36372778,82.46086684,81.38704905,80.18771162,78.81439572,77.34912013,75.73324117,74.04645918,72.24542491,70.3330952,68.31217306,66.20807732],
		[0,0.0009613386729,0.0009691449013,0.0009843400009,0.0009977035008,0.00100509492,0.001018617672,0.001042267068,0.005202379584,0.00518536973,0.00106630515,0.00108181028,0.001095726942,0.005075182365,0.001554821491,0.001810470382,0.001770112499,0.001719196004,0.001700022937,0.001653512967,0.002893725392],
		[-0.9999998096,-0.9999051832,-0.9994426115,-0.9985942945,-0.9973607188,-0.995742938,-0.9937403129,-0.9913555858,0.9880017908,0.9847755642,-0.9819059261,-0.9779949485,-0.9737062371,0.9680843416,-0.9622192395,-0.9556141223,-0.9496445541,-0.9433065861,-0.9366068741,-0.9295423087,0.9225773324],
		[0.0001072282341,1.887826682e-05,3.807780688e-05,5.80495675e-05,7.852096841e-05,9.899320916e-05,0.0001205613463,0.0001441630039,0.0008239759787,0.0009259895438,0.0002121012817,0.0002373566167,0.0002630607646,0.001324350972,0.0004385050121,0.000549200186,0.0005751444153,0.0005961652104,0.0006271715732,0.0006471725001,0.001198620303],
		[0.0006076266598,0.0137368183,0.03336953106,0.05299493051,0.07259886389,0.09216822377,0.1117100639,0.1311983054,-0.1543525757,-0.173750806,0.1893662332,0.2086256314,0.2278045082,-0.250569743,0.2722710512,0.2946151215,0.3133237251,0.3319177211,0.3503773394,0.3687111923,-0.3857995017]
	],
	"robot_trajectory": [
		[30.96685961,38.62978613,48.49321691,58.34314641,68.16210454,77.93303233,87.64589904,97.2792497,108.0481044,117.4781789,125.5893737,134.7785608,143.8191174,153.8267151,163.3515913,172.883087,181.1068635,189.1124782,196.8840376,204.4138052,211.3783833],
		[-0.1335842301,-0.4086142921,-0.4115333893,-0.4171685832,-0.4223089061,-0.4255081914,-0.4310077843,-0.4402424208,1.770655512,1.770743012,-0.4524461279,-0.4595405376,-0.4662759917,1.763040268,-0.5675501978,-0.6624972499,-0.6513569215,-0.6362573421,-0.633487922,-0.6202569719,1.133761982],
		[251.0002666,251.2067866,251.00794,250.4217594,249.4492534,248.0923219,246.352187,244.2329353,241.3125184,238.3923717,235.6268334,232.023527,228.0620004,223.086781,217.884919,212.0887965,206.6487455,200.8885563,194.8199291,188.4484495,182.0876997],
		[0,0.0009613386729,0.0009691449013,0.0009843400009,0.0009977035008,0.00100509492,0.001018617672,0.001042267068,0.005202379584,0.00518536973,0.00106630515,0.00108181028,0.001095726942,0.005075182365,0.001554821491,0.001810470382,0.001770112499,0.001719196004,0.001700022937,0.001653512967,0.002893725392],
		[-0.9999998096,-0.9999051832,-0.9994426115,-0.9985942945,-0.9973607188,-0.995742938,-0.9937403129,-0.9913555858,0.9880017908,0.9847755642,-0.9819059261,-0.9779949485,-0.9737062371,0.9680843416,-0.9622192395,-0.9556141223,-0.9496445541,-0.9433065861,-0.9366068741,-0.9295423087,0.9225773324],
		[0.0001072282341,1.887826682e-05,3.807780688e-05,5.80495675e-05,7.852096841e-05,9.899320916e-05,0.0001205613463,0.0001441630039,0.0008239759787,0.0009259895438,0.0002121012817,0.0002373566167,0.0002630607646,0.001324350972,0.0004385050121,0.000549200186,0.0005751444153,0.0005961652104,0.0006271715732,0.0006471725001,0.001198620303],
		[0.0006076266598,0.0137368183,0.03336953106,0.05299493051,0.07259886389,0.09216822377,0.1117100639,0.1311983054,-0.1543525757,-0.173750806,0.1893662332,0.2086256314,0.2278045082,-0.250569743,0.2722710512,0.2946151215,0.3133237251,0.3319177211,0.3503773394,0.3687111923,-0.3857995017]
	],