{
	"object_mass": 0.104,
	"object_lx": 38.4,
	"object_ly": 38.4,
	"object_lz": 38.4,
	"fric_coef": 1,
	"finger_contact_position": [
		[23.04],
		[0],
		[38.4]
	],
	"finger_contact_rotm": [
		[1,0,0],
		[0,-1,0],
		[0,0,-1]
	],
	"gripper_length": 124,
	"env_contact1": [
		[38.4],
		[38.4],
		[-38.4]
	],
	"env_contact2": [
		[38.4],
		[-38.4],
		[-38.4]
	],
	"origin": [
		[49.22],
		[400.22],
		[262.2]
	],
	"object_trajectory": [
		[0,0,0.5059302911,1.018353536,1.537181934,2.062326585,2.59369751,3.131203661,3.674752938,4.224252207,4.779607315,5.340723104,5.907503431,6.479851179,7.05766828,7.640855728,8.229313598,8.822941059,9.421636397,10.02529703,10.63381952,11.2470996,11.86503219,12.48751142,13.11443061,13.74568236,14.3811585,15.02075014,15.66434769,16.31184089,16.96311877,17.61806975,18.27658162,18.93854152,19.60383605,20.2723512,20.94397243,21.61858466,22.2960723,22.97631927,23.659209,24.34462449,25.0324483,25.72256257,26.41484906,27.10918914,27.80546384,28.50355385,29.20333958,29.9047011,30.60751825,31.31167061,32.01703751,32.7234981,33.43093132,34.13921598,34.84823069,35.55785399,36.26796427,36.97843986,37.68915903,38.4,39.11084097,39.82156014,40.53203573,41.24214601,41.95176931,42.66078402,43.36906868,44.0765019,44.78296249,45.48832939,46.19248175,46.8952989,47.59666042,48.29644615,48.99453616,49.69081086,50.38515094,51.07743743,51.7675517,52.45537551,53.140791,53.82368073,54.5039277,55.18141534,55.85602757,56.5276488,57.19616395,57.86145848,58.52341838,59.18193025,59.83688123,60.48815911,61.13565231,61.77924986,62.4188415,63.05431764,63.68556939,64.31248858,64.93496781,65.5529004,66.16618048,66.77470297,67.3783636,67.97705894,68.5706864,69.15914427,69.74233172,70.32014882,70.89249657,71.4592769,72.02039268,72.57574779,73.12524706,73.66879634,74.20630249,74.73767341,75.26281807,75.78164646,76.29406971],
		[0,0,0,0,0,0,0,0,0,0,0,0,0,0,0,0,0,0,0,0,0,0,0,0,0,0,0,0,0,0,0,0,0,0,0,0,0,0,0,0,0,0,0,0,0,0,0,0,0,0,0,0,0,0,0,0,0,0,0,0,0,0,0,0,0,0,0,0,0,0,0,0,0,0,0,0,0,0,0,0,0,0,0,0,0,0,0,0,0,0,0,0,0,0,0,0,0,0,0,0,0,0,0,0,0,0,0,0,0,0,0,0,0,0,0,0,0,0,0,0,0],
		[38.4,38.4,38.89935065,39.39203609,39.87797192,40.35707485,40.82926281,41.29445489,41.75257138,42.20353377,42.64726481,43.08368846,43.51272994,43.93431574,44.34837362,44.75483263,45.15362313,45.5446768,45.92792661,46.30330692,46.67075339,47.03020306,47.38159435,47.72486706,48.05996235,48.38682281,48.70539244,49.01561665,49.31744229,49.61081764,49.89569243,50.17201785,50.43974655,50.69883267,50.9492318,51.19090104,51.42379898,51.64788572,51.86312286,52.06947352,52.26690235,52.45537551,52.63486071,52.8053272,52.96674576,53.11908875,53.26233006,53.39644514,53.52141102,53.63720627,53.74381107,53.84120714,53.9293778,54.00830794,54.07798403,54.13839413,54.18952791,54.23137658,54.26393299,54.28719155,54.30114829,54.3058008,54.30114829,54.28719155,54.26393299,54.23137658,54.18952791,54.13839413,54.07798403,54.00830794,53.9293778,53.84120714,53.74381107,53.63720627,53.52141102,53.39644514,53.26233006,53.11908875,52.96674576,52.8053272,52.63486071,52.45537551,52.26690235,52.06947352,51.86312286,51.64788572,51.42379898,51.19090104,50.9492318,50.69883267,50.43974655,50.17201785,49.89569243,49.61081764,49.31744229,49.01561665,48.70539244,48.38682281,48.05996235,47.72486706,47.38159435,47.03020306,46.67075339,46.30330692,45.92792661,45.5446768,45.15362313,44.75483263,44.34837362,43.93431574,43.51272994,43.08368846,42.64726481,42.20353377,41.75257138,41.29445489,40.82926281,40.35707485,39.87797192,39.39203609,38.89935065],
		[1,1,0.9999785817,0.9999143276,0.9998072405,0.999657325,0.9994645875,0.9992290362,0.9989506814,0.9986295348,0.9982656102,0.9978589232,0.9974094913,0.9969173337,0.9963824715,0.9958049276,0.9951847267,0.9945218954,0.9938164621,0.993068457,0.9922779121,0.9914448614,0.9905693404,0.9896513868,0.9886910398,0.9876883406,0.9866433321,0.9855560591,0.9844265681,0.9832549076,0.9820411277,0.9807852804,0.9794874196,0.9781476007,0.9767658813,0.9753423205,0.9738769793,0.9723699204,0.9708212084,0.9692309097,0.9675990924,0.9659258263,0.9642111832,0.9624552365,0.9606580614,0.9588197349,0.9569403357,0.9550199445,0.9530586433,0.9510565163,0.9490136492,0.9469301295,0.9448060465,0.9426414911,0.9404365561,0.9381913359,0.9359059268,0.9335804265,0.9312149348,0.9288095529,0.9263643839,0.9238795325,0.9213551052,0.9187912101,0.9161879571,0.9135454576,0.9108638249,0.9081431738,0.9053836209,0.9025852843,0.8997482841,0.8968727415,0.89395878,0.8910065242,0.8880161007,0.8849876375,0.8819212643,0.8788171127,0.8756753154,0.8724960071,0.8692793239,0.8660254038,0.862734386,0.8594064115,0.8560416229,0.8526401644,0.8492021815,0.8457278217,0.8422172337,0.8386705679,0.8350879763,0.8314696123,0.8278156309,0.8241261886,0.8204014435,0.8166415552,0.8128466846,0.8090169944,0.8051526486,0.8012538127,0.7973206538,0.7933533403,0.7893520422,0.7853169309,0.7812481792,0.7771459615,0.7730104534,0.7688418321,0.7646402762,0.7604059656,0.7561390818,0.7518398075,0.7475083269,0.7431448255,0.7387494902,0.7343225094,0.7298640727,0.725374371,0.7208535967,0.7163019434,0.7117196062],
		[0,0,0,0,0,0,0,0,0,0,0,0,0,0,0,0,0,0,0,0,0,0,0,0,0,0,0,0,0,0,0,0,0,0,0,0,0,0,0,0,0,0,0,0,0,0,0,0,0,0,0,0,0,0,0,0,0,0,0,0,0,0,0,0,0,0,0,0,0,0,0,0,0,0,0,0,0,0,0,0,0,0,0,0,0,0,0,0,0,0,0,0,0,0,0,0,0,0,0,0,0,0,0,0,0,0,0,0,0,0,0,0,0,0,0,0,0,0,0,0,0],
		[0,0,0.006544937967,0.01308959557,0.01963369246,0.02617694831,0.03271908282,0.03925981576,0.04579886694,0.05233595624,0.05887080365,0.06540312923,0.07193265316,0.07845909573,0.08498217737,0.09150161866,0.09801714033,0.1045284633,0.1110353086,0.1175373975,0.1240344515,0.1305261922,0.1370123417,0.143492622,0.1499667556,0.156434465,0.1628954734,0.1693495038,0.1757962799,0.1822355255,0.1886669647,0.195090322,0.2015053223,0.2079116908,0.2143091531,0.220697435,0.227076263,0.2334453639,0.2398044647,0.246153293,0.252491577,0.2588190451,0.2651354262,0.2714404499,0.2777338459,0.2840153447,0.2902846773,0.296541575,0.3027857698,0.3090169944,0.3152349816,0.3214394653,0.3276301796,0.3338068592,0.3399692397,0.3461170571,0.3522500479,0.3583679495,0.3644704999,0.3705574375,0.3766285017,0.3826834324,0.3887219702,0.3947438564,0.4007488331,0.4067366431,0.4127070298,0.4186597375,0.4245945113,0.4305110968,0.4364092407,0.4422886902,0.4481491936,0.4539904997,0.4598123584,0.4656145203,0.4713967368,0.4771587603,0.4829003438,0.4886212415,0.4943212083,0.5,0.5056573734,0.5112930861,0.5169068967,0.5224985647,0.5280678507,0.5336145159,0.5391383229,0.544639035,0.5501164166,0.555570233,0.5610002507,0.5664062369,0.5717879602,0.57714519,0.5824776969,0.5877852523,0.593067629,0.5983246006,0.603555942,0.608761429,0.6139408388,0.6190939493,0.6242205399,0.629320391,0.6343932842,0.639439002,0.6444573284,0.6494480483,0.6544109481,0.6593458151,0.6642524379,0.6691306064,0.6739801115,0.6788007455,0.683592302,0.6883545757,0.6930873625,0.6977904598,0.7024636661],
		[0,0,0,0,0,0,0,0,0,0,0,0,0,0,0,0,0,0,0,0,0,0,0,0,0,0,0,0,0,0,0,0,0,0,0,0,0,0,0,0,0,0,0,0,0,0,0,0,0,0,0,0,0,0,0,0,0,0,0,0,0,0,0,0,0,0,0,0,0,0,0,0,0,0,0,0,0,0,0,0,0,0,0,0,0,0,0,0,0,0,0,0,0,0,0,0,0,0,0,0,0,0,0,0,0,0,0,0,0,0,0,0,0,0,0,0,0,0,0,0,0]
	],