{
	"object_mass": 0.104,
	"object_lx": 38.4,
	"object_ly": 38.4,
	"object_lz": 38.4,
	"fric_coef": 1,
	"finger_contact_position": [
		[23.04],
		[0],
		[38.4]
	],
	"finger_contact_rotm": [
		[1,0,0],
		[0,-1,0],
		[0,0,-1]
	],
	"gripper_length": 165,
	"env_contact1": [
		[38.4],
		[38.4],
		[-38.4]
	],
	"env_contact2": [
		[38.4],
		[-38.4],
		[-38.4]
	],
	"origin": [
		[49.22],
		[400.22],
		[253.3]
	],
	"object_trajectory": [
		[0,1.018353536,2.062326585,3.131203661,4.224252207,5.340723104,6.479851179,7.640855728,8.822941059,10.02529703,11.2470996,12.48751142,13.74568236,15.02075014,16.31184089,17.61806975,18.93854152,20.2723512,21.61858466,22.97631927,24.34462449],
		[0,0,0,0,0,0,0,0,0,0,0,0,0,0,0,0,0,0,0,0,0],
		[38.4,39.39203609,40.35707485,41.29445489,42.20353377,43.08368846,43.93431574,44.75483263,45.5446768,46.30330692,47.03020306,47.72486706,48.38682281,49.01561665,49.61081764,50.17201785,50.69883267,51.19090104,51.64788572,52.06947352,52.45537551],
		[1,0.9999143276,0.999657325,0.9992290362,0.9986295348,0.9978589232,0.9969173337,0.9958049276,0.9945218954,0.993068457,0.9914448614,0.9896513868,0.9876883406,0.9855560591,0.9832549076,0.9807852804,0.9781476007,0.9753423205,0.9723699204,0.9692309097,0.9659258263],
		[0,0,0,0,0,0,0,0,0,0,0,0,0,0,0,0,0,0,0,0,0],
		[0,0.01308959557,0.02617694831,0.03925981576,0.05233595624,0.06540312923,0.07845909573,0.09150161866,0.1045284633,0.1175373975,0.1305261922,0.143492622,0.156434465,0.1693495038,0.1822355255,0.195090322,0.2079116908,0.220697435,0.2334453639,0.246153293,0.2588190451],
		[0,0,0,0,0,0,0,0,0,0,0,0,0,0,0,0,0,0,0,0,0]
	],
	"contact_trajectory": [
		[23.04,25.05565312,27.08045179,29.11300831,31.15192967,33.19581849,35.243274,37.29289298,39.34327071,41.39300197,43.44068197,45.48490735,47.52427708,49.55739349,51.58286317,53.59929799,55.60531596,57.59954227,59.58061017,61.54716194,63.4978498],
		[0,0,0,0,0,0,0,0,0,0,0,0,0,0,0,0,0,0,0,0,0],
		[76.8,77.17576048,77.49862856,77.76838294,77.98483876,78.14784767,78.25729794,78.31311457,78.31525931,78.26373068,78.15856399,77.99983133,77.78764149,77.52213987,77.20350846,76.83196562,76.40776598,75.93120029,75.40259513,74.82231281,74.19075101],
		[0,0,0,0,0,0,0,0,0,0,0,0,0,0,0,0,0,0,0,0,0],
		[1,0.9999143276,-0.999657325,-0.9992290362,-0.9986295348,-0.9978589232,0.9969173337,0.9958049276,0.9945218954,0.993068457,0.9914448614,-0.9896513868,0.9876883406,-0.9855560591,-0.9832549076,-0.9807852804,0.9781476007,-0.9753423205,-0.9723699204,0.9692309097,0.9659258263],
		[0,-1.110223025e-16,0,0,0,-1.110223025e-16,-1.110223025e-16,0,-1.110223025e-16,1.110223025e-16,1.110223025e-16,0,2.220446049e-16,0,0,0,1.110223025e-16,-1.110223025e-16,0,1.110223025e-16,-1.110223025e-16],
		[0,-0.01308959557,0.02617694831,0.03925981576,0.05233595624,0.06540312923,-0.07845909573,-0.09150161866,-0.1045284633,-0.1175373975,-0.1305261922,0.143492622,-0.156434465,0.1693495038,0.1822355255,0.195090322,-0.2079116908,0.220697435,0.2334453639,-0.246153293,-0.2588190451]
	],
	"rigidend_trajectory": [
		[23.06790326,25.22659695,27.46669573,29.73531387,32.00990588,34.28897543,36.62051578,38.85375832,41.18500712,43.41705418,45.6943349,47.96697458,50.23291111,52.49065576,54.73890416,57.01729797,59.20027643,61.41019871,63.64250335,65.8559877,68.10008185],
		[-0.2258420132,0.09698352082,-0.09103120225,-0.09132947802,-0.09160834516,-0.09168096652,0.0318727736,-0.09203847654,0.03277154699,-0.09280572124,-0.09325892259,-0.092906932,-0.09303393038,-0.09350561259,-0.09356890991,0.03250025192,-0.09407645587,-0.0947448705,0.0328920102,-0.1327947676,-0.03895386557],
		[85.92351965,86.18885323,86.52076201,86.7773234,86.97440666,87.11185929,87.15571592,87.20763137,87.12891262,87.06443824,86.90331042,86.68249466,86.40231968,86.06296295,85.66454416,85.16191114,84.6918649,84.11834676,83.43794607,82.74596335,81.94058086],
		[0,0.008969426494,0.0009460496728,0.0009614465315,0.0009756624409,0.0009788655684,0.005222420432,0.000995755781,0.005252687963,0.001033233177,0.001055275821,0.00103513449,0.001039826929,0.001062238907,0.001063222185,0.005163706084,0.001084333578,0.001115805653,0.005135438571,0.004363719777,0.001850977309],
		[-0.99999981,0.999922409,-0.9997939623,-0.999442722,-0.9989200522,-0.9982259904,0.9970722181,-0.9963249416,0.9947268481,-0.9937412362,-0.9921936676,-0.9904753523,-0.9885871288,-0.9865291805,-0.9843016468,0.9811697215,-0.9793391343,-0.9766056816,0.9728149807,-0.9693102811,-0.9647424726],
		[0.0001071174126,0.0001174162246,2.477318253e-05,3.777533711e-05,5.113230186e-05,6.415823898e-05,0.0004110134018,9.149710273e-05,0.0005520797514,0.0001222912053,0.0001389296975,0.000150087358,0.0001646924062,0.000182526027,0.0001970565843,0.001027125002,0.000230482217,0.0002524810423,0.001232909719,0.001108243642,0.0004959678751],
		[0.0006069986713,-0.008643590092,0.02027652292,0.03336644359,0.04645185393,0.05953074722,-0.07628597102,0.08564818023,-0.1024236405,0.1117017144,0.1247020173,0.137686174,0.1506465412,0.1635818276,0.1764910731,-0.1930757852,0.2022217377,0.2150349598,-0.2315234774,0.245799326,0.2631886955]
	],
	"robot_trajectory": [
		[23.26821279,28.07841282,34.15656191,40.74009212,47.32244657,53.89925061,61.72047281,67.01375625,74.80562002,80.0478704,86.52470864,92.97059466,99.37884103,105.7454131,112.0665848,119.5307855,124.5546023,130.7115457,137.9661513,144.4788104,151.8898522],
		[-0.2258634698,3.056999517,-0.4033290337,-0.4088459632,-0.4140130541,-0.4153939515,1.760572784,-0.4220163272,1.775678348,-0.4361464833,-0.4444986469,-0.4380671822,-0.440447984,-0.449175527,-0.4504012348,1.769879311,-0.459894267,-0.4722630196,1.77571412,-1.618522082,-0.6713162216],
		[250.9233981,251.1376497,251.3847913,251.4096229,251.2620269,250.9420528,250.2262643,249.7865526,248.657909,247.9465859,246.7712472,245.4261718,243.9128173,242.2321159,240.3849685,237.8512867,236.1965786,233.8587247,230.7402133,227.8019676,224.0809147],
		[0,0.008969426494,0.0009460496728,0.0009614465315,0.0009756624409,0.0009788655684,0.005222420432,0.000995755781,0.005252687963,0.001033233177,0.001055275821,0.00103513449,0.001039826929,0.001062238907,0.001063222185,0.005163706084,0.001084333578,0.001115805653,0.005135438571,0.004363719777,0.001850977309],
		[-0.99999981,0.999922409,-0.9997939623,-0.999442722,-0.9989200522,-0.9982259904,0.9970722181,-0.9963249416,0.9947268481,-0.9937412362,-0.9921936676,-0.9904753523,-0.9885871288,-0.9865291805,-0.9843016468,0.9811697215,-0.9793391343,-0.9766056816,0.9728149807,-0.9693102811,-0.9647424726],
		[0.0001071174126,0.0001174162246,2.477318253e-05,3.777533711e-05,5.113230186e-05,6.415823898e-05,0.0004110134018,9.149710273e-05,0.0005520797514,0.0001222912053,0.0001389296975,0.000150087358,0.0001646924062,0.000182526027,0.0001970565843,0.001027125002,0.000230482217,0.0002524810423,0.001232909719,0.001108243642,0.0004959678751],
		[0.0006069986713,-0.008643590092,0.02027652292,0.03336644359,0.04645185393,0.05953074722,-0.07628597102,0.08564818023,-0.1024236405,0.1117017144,0.1247020173,0.137686174,0.1506465412,0.1635818276,0.1764910731,-0.1930757852,0.2022217377,0.2150349598,-0.2315234774,0.245799326,0.2631886955]
	],