{
	"object_mass": 0.104,
	"object_lx": 38.4,
	"object_ly": 38.4,
	"object_lz": 38.4,
	"fric_coef": 1,
	"finger_contact_position": [
		[23.04],
		[0],
		[38.4]
	],
	"finger_contact_rotm": [
		[1,0,0],
		[0,-1,0],
		[0,0,-1]
	],
	"gripper_length": 165,
	"env_contact1": [
		[38.4],
		[38.4],
		[-38.4]
	],
	"env_contact2": [
		[38.4],
		[-38.4],
		[-38.4]
	],
	"origin": [
		[49.22],
		[400.22],
		[253.3]
	],
	"object_trajectory": [
		[0,0.4493935794,0.9039250635,1.363532916,1.828154913,2.297728153,2.772189062,3.251473406,3.735516299,4.224252207,4.717614965,5.215537779,5.717953237,6.224793322,6.735989414,7.251472307,7.771172211,8.295018769,8.822941059,9.35486761,9.890726406,10.4304449,10.97395003,11.5211682,12.07202534,12.62644686,13.18435771,13.74568236,14.3103448,14.8782686,15.44937687,16.02359228,16.6008371,17.18103317,17.76410196,18.34996451,18.93854152,19.5297533,20.12351981,20.71976066,21.31839513,21.91934218,22.52252045,23.12784827,23.73524369,24.34462449],
		[0,0,0,0,0,0,0,0,0,0,0,0,0,0,0,0,0,0,0,0,0,0,0,0,0,0,0,0,0,0,0,0,0,0,0,0,0,0,0,0,0,0,0,0,0,0],
		[38.4,38.84419483,39.28313079,39.71674843,40.14498906,40.56779471,40.98510812,41.39687281,41.80303302,42.20353377,42.59832084,42.98734078,43.37054092,43.74786938,44.11927508,44.48470774,44.84411788,45.19745684,45.5446768,45.88573073,46.22057247,46.54915668,46.87143888,47.18737544,47.49692359,47.80004141,48.09668787,48.38682281,48.67040695,48.94740189,49.21777014,49.48147509,49.73848104,49.9887532,50.23225768,50.46896152,50.69883267,50.92184,51.13795334,51.34714341,51.54938191,51.74464144,51.93289558,52.11411883,52.28828667,52.45537551],
		[1,0.9999830769,0.999932308,0.9998476952,0.9997292412,0.9995769501,0.999390827,0.9991708783,0.9989171113,0.9986295348,0.9983081583,0.9979529928,0.9975640503,0.9971413439,0.996684888,0.9961946981,0.9956707906,0.9951131835,0.9945218954,0.9938969464,0.9932383577,0.9925461516,0.9918203515,0.991060982,0.9902680687,0.9894416386,0.9885817195,0.9876883406,0.9867615321,0.9858013254,0.984807753,0.9837808485,0.9827206467,0.9816271834,0.9805004958,0.9793406218,0.9781476007,0.976921473,0.9756622802,0.9743700648,0.9730448706,0.9716867424,0.9702957263,0.9688718692,0.9674152195,0.9659258263],
		[0,0,0,0,0,0,0,0,0,0,0,0,0,0,0,0,0,0,0,0,0,0,0,0,0,0,0,0,0,0,0,0,0,0,0,0,0,0,0,0,0,0,0,0,0,0],
		[0,0.005817731355,0.0116352658,0.01745240644,0.02326895637,0.02908471874,0.0348994967,0.04071309344,0.0465253122,0.05233595624,0.05814482891,0.06395173359,0.06975647374,0.0755588529,0.08135867467,0.08715574275,0.09294986093,0.0987408331,0.1045284633,0.1103125555,0.1160929141,0.1218693434,0.1276416479,0.1334096321,0.139173101,0.1449318593,0.1506857122,0.156434465,0.1621779231,0.1679158921,0.1736481777,0.1793745859,0.185094923,0.1908089954,0.1965166095,0.2022175723,0.2079116908,0.2135987723,0.2192786242,0.2249510543,0.2306158707,0.2362728817,0.2419218956,0.2475627214,0.2531951681,0.2588190451],
		[0,0,0,0,0,0,0,0,0,0,0,0,0,0,0,0,0,0,0,0,0,0,0,0,0,0,0,0,0,0,0,0,0,0,0,0,0,0,0,0,0,0,0,0,0,0]
	],
	"object_vel_trajectory": [
		[0.8935783319,0.8934876008,0.8933363959,0.8931247377,0.8928526549,0.8925201842,0.8921273708,0.8916742677,0.8911609364,0.8905874463,0.889953875,0.8892603084,0.8885068403,0.8876935728,0.8868206159,0.8858880879,0.8848961149,0.8838448313,0.8827343794,0.8815649096,0.8803365801,0.8790495573,0.8777040154,0.8763001366,0.874838111,0.8733181364,0.8717404186,0.8701051713,0.8684126158,0.8666629814,0.8648565047,0.8629934305,0.861074011,0.8590985059,0.8570671828,0.8549803167,0.8528381901,0.850641093,0.8483893229,0.8460831846,0.8437229903,0.8413090595,0.8388417192,0.8363213032,0.8337481529],
		[0,0,0,0,0,0,0,0,0,0,0,0,0,0,0,0,0,0,0,0,0,0,0,0,0,0,0,0,0,0,0,0,0,0,0,0,0,0,0,0,0,0,0,0,0],
		[0.4520029752,0.457200958,0.4623975333,0.4675919975,0.4727836474,0.4779717801,0.4831556933,0.488334685,0.4935080542,0.4986751004,0.5038351242,0.5089874269,0.514131311,0.5192660801,0.524391039,0.5295054939,0.5346087524,0.5397001236,0.5447789182,0.5498444486,0.5548960289,0.5599329754,0.5649546061,0.5699602412,0.5749492028,0.5799208158,0.5848744068,0.5898093054,0.5947248434,0.5996203553,0.6044951784,0.6093486526,0.614180121,0.6189889293,0.6237744266,0.6285359649,0.6332728997,0.6379845897,0.6426703969,0.6473296869,0.651961829,0.6565661961,0.6611421648,0.6656891155,0.6702064328],
		[0,0,0,0,0,0,0,0,0,0,0,0,0,0,0,0,0,0,0,0,0,0,0,0,0,0,0,0,0,0,0,0,0,0,0,0,0,0,0,0,0,0,0,0,0],
		[0.01163552835,0.01163552835,0.01163552835,0.01163552835,0.01163552835,0.01163552835,0.01163552835,0.01163552835,0.01163552835,0.01163552835,0.01163552835,0.01163552835,0.01163552835,0.01163552835,0.01163552835,0.01163552835,0.01163552835,0.01163552835,0.01163552835,0.01163552835,0.01163552835,0.01163552835,0.01163552835,0.01163552835,0.01163552835,0.01163552835,0.01163552835,0.01163552835,0.01163552835,0.01163552835,0.01163552835,0.01163552835,0.01163552835,0.01163552835,0.01163552835,0.01163552835,0.01163552835,0.01163552835,0.01163552835,0.01163552835,0.01163552835,0.01163552835,0.01163552835,0.01163552835,0.01163552835],
		[0,0,0,0,0,0,0,0,0,0,0,0,0,0,0,0,0,0,0,0,0,0,0,0,0,0,0,0,0,0,0,0,0,0,0,0,0,0,0,0,0,0,0,0,0]
	],
	"actual_start": [
		[72.26],
		[400.22],
		[504.1],
		[0],
		[1],
		[0],
		[0]
	]
}
